,arguments,label
0," [""Access to affordable healthcare is a fundamental right",healthcare
1," ""The current healthcare system unfairly benefits the wealthy",healthcare
2," ""High costs of healthcare create financial burden for many families",healthcare
3," ""Pre-existing conditions should not exclude individuals from coverage",healthcare
4," ""Universal healthcare would ensure everyone has access to medical services",healthcare
5," ""Mental health should be treated equally to physical health in healthcare coverage",healthcare
6," ""The pharmaceutical industry has too much influence over healthcare policy",healthcare
7," ""Telemedicine is a crucial innovation for improving access to care",healthcare
8," ""Preventative care measures can reduce overall healthcare costs",healthcare
9," ""Chronic disease management is often neglected in current healthcare models",healthcare
10," ""Rural communities face unique challenges in accessing quality healthcare",healthcare
11," ""Health disparities exist along racial and ethnic lines, requiring targeted solutions",healthcare
12," ""The COVID-19 pandemic has highlighted the importance of a robust public health infrastructure",healthcare
13," ""Greater investment in medical research is needed to address persistent health issues""]",healthcare
15," ""The current healthcare system prioritizes profits over people",healthcare
17," ""High costs of healthcare prevent many people from receiving necessary treatments",healthcare
18," ""Pre-existing conditions should not affect one's ability to receive healthcare coverage",healthcare
19," ""Mental health should be treated with the same importance as physical health",healthcare
21," ""Telemedicine can improve access to care, especially in rural areas",healthcare
22," ""Preventive care is crucial for maintaining overall health and reducing healthcare costs",healthcare
23," ""Chronic conditions require ongoing, often expensive treatments",healthcare
24," ""A single-payer system could simplify healthcare administration and lower costs",healthcare
25," ""Healthcare should be viewed as a public good, not a commodity""]",healthcare
28," ""High costs of healthcare lead to medical debt and bankruptcy",healthcare
29," ""Pre-existing conditions should not affect healthcare coverage",healthcare
30," ""Expanded Medicaid programs can help low-income individuals access care",healthcare
31," ""Universal healthcare systems ensure everyone has insurance",healthcare
32," ""Preventive care can save money in the long run",healthcare
33," ""Mental health should be a part of comprehensive healthcare",healthcare
34," ""The US lags behind other developed countries in healthcare outcomes",healthcare
35," ""Pharmaceutical companies have too much influence over healthcare policy",healthcare
36," ""Telemedicine has become increasingly important during the COVID-19 pandemic",healthcare
37," ""Rural areas often lack access to quality healthcare services",healthcare
38," ""Chronic conditions require ongoing, expensive treatments",healthcare
39," ""Health disparities exist along racial and ethnic lines",healthcare
40," ""Public health initiatives can address societal determinants of health",healthcare
41," ""The healthcare system should prioritize patient-centered care""]",healthcare
42," [""Universal healthcare should be a fundamental right",healthcare
43," ""Access to affordable healthcare is a major concern for many Americans",healthcare
44," ""The current healthcare system prioritizes profits over people's well-being",healthcare
45," ""There is a need for comprehensive reform in the healthcare industry",healthcare
46," ""Expanding Medicaid can help provide coverage for more low-income individuals",healthcare
47," ""Pre-existing conditions should not prevent people from obtaining health insurance",healthcare
48," ""The high cost of prescription drugs is a significant barrier to healthcare access",healthcare
49," ""Mental health services should be integrated into mainstream healthcare",healthcare
50," ""Preventive care can significantly reduce long-term healthcare costs",healthcare
51," ""Telemedicine has become increasingly important, especially during the COVID-19 pandemic",healthcare
52," ""Public health insurance options, like Medicare-for-all, can increase access and affordability",healthcare
53," ""Chronic illness management requires ongoing, coordinated care",healthcare
54," ""Healthcare disparities affect marginalized communities disproportionately",healthcare
55," ""Investing in public health can help prevent the spread of diseases and reduce healthcare costs",healthcare
56," ""The healthcare workforce faces significant challenges, including burnout and staffing shortages""]",healthcare
59," ""High costs of medical treatments and prescription drugs are prohibitive for many individuals",healthcare
60," ""Universal healthcare would ensure everyone has access to necessary medical services",healthcare
61," ""Preventive care can reduce the overall cost of healthcare in the long run",healthcare
62," ""Chronic conditions require ongoing, expensive treatments, further straining personal finances",healthcare
65," ""The healthcare industry needs reform to improve patient outcomes and satisfaction",healthcare
66," ""Greater investment in public health initiatives can lead to a healthier population""]",healthcare
69," ""High costs of medical treatment and prescription drugs are burdening families",healthcare
70," ""Expanding public health insurance options will lead to better patient care",healthcare
71," ""Pre-existing conditions should not prevent individuals from obtaining coverage",healthcare
72," ""The government must ensure healthcare accessibility and affordability for all",healthcare
73," ""Investments in preventive care can significantly reduce long-term healthcare costs",healthcare
74," ""Mental health services should be integrated into mainstream healthcare systems",healthcare
76," ""Chronic conditions require ongoing, coordinated care which is often lacking",healthcare
77," ""The pharmaceutical industry has too much influence over healthcare policy""]",healthcare
82," ""Expanding Medicaid and improving access to mental health services are crucial",healthcare
83," ""Pharmaceutical companies should be held accountable for price gouging",healthcare
84," ""Pre-existing conditions should not exclude individuals from healthcare coverage",healthcare
85," ""A single-payer system can ensure universal coverage and reduce costs",healthcare
86," ""Preventive care is essential to improving public health and reducing healthcare costs",healthcare
87," ""Telehealth services can improve access to healthcare, especially in rural areas",healthcare
88," ""Chronic diseases such as diabetes and heart disease need to be better managed through healthcare policies""]",healthcare
90," ""The current healthcare system favors the wealthy and leaves out the poor",healthcare
91," ""High costs of healthcare services and medications are a barrier to treatment for many people",healthcare
92," ""There should be universal healthcare coverage for all citizens",healthcare
93," ""Preventive care and early intervention can reduce healthcare costs in the long run",healthcare
94," ""Chronic illnesses and mental health conditions require ongoing and often expensive treatments",healthcare
95," ""The pharmaceutical industry has too much power and influence over healthcare policies",healthcare
96," ""There is a need for greater transparency in healthcare pricing",healthcare
97," ""Telemedicine and virtual care options can improve access to healthcare services",healthcare
98," ""Healthcare professionals should be better compensated for their work and expertise",healthcare
99," ""Rural areas often lack adequate healthcare facilities and specialists",healthcare
100," ""Health disparities exist along racial and ethnic lines, requiring targeted interventions",healthcare
101," ""The government should play a larger role in regulating and funding healthcare""]",healthcare
104," ""High cost of healthcare leads to medical debt and bankruptcy",healthcare
105," ""Pre-existing conditions should not affect insurance coverage or cost",healthcare
106," ""Universal healthcare would ensure everyone has access to necessary medical care",healthcare
107," ""The government should have a larger role in regulating healthcare",healthcare
108," ""Pharmaceutical companies should be held accountable for high drug prices",healthcare
110," ""Preventative care is crucial for long-term health and cost savings",healthcare
111," ""Telemedicine can improve access to healthcare in rural areas",healthcare
112," ""Chronic conditions require ongoing, affordable care",healthcare
113," ""Healthcare inequality disproportionately affects marginalized communities""]",healthcare
116," ""High costs of healthcare and prescription drugs are causing financial hardship for many families",healthcare
117," ""There is a need for comprehensive, universal healthcare coverage",healthcare
119," ""Telehealth services can improve access to care, especially in rural areas",healthcare
121," ""Chronic disease management requires ongoing, coordinated care",healthcare
122," ""Health disparities must be addressed to ensure equitable healthcare access and outcomes",healthcare
123," ""Investing in public health infrastructure is crucial for preventing the spread of diseases""]",healthcare
124," [""Ukraine is experiencing a natural gas shortage due to Russia cutting off supplies",ukraine
125," ""The EU should implement sanctions on Russia for using energy as a political weapon",ukraine
126," ""Support for Ukraine in the face of Russian aggression is crucial",ukraine
127," ""NATO allies should increase their defense spending to counteract Russian threats",ukraine
128," ""Ukraine's sovereignty and territorial integrity must be respected and protected",ukraine
129," ""The US and its allies should provide military aid to Ukraine to help defend against Russian attacks",ukraine
130," ""Russia's actions in Ukraine are a threat to international peace and security",ukraine
131," ""The conflict in Ukraine highlights the need for energy independence and diversification",ukraine
132," ""The international community must hold Russia accountable for its actions in Ukraine",ukraine
133," ""The situation in Ukraine requires a strong and united response from the West""]",ukraine
134," ""The US should provide military aid to Ukraine",ukraine
135," ""Russia's aggression is a threat to Ukraine and Europe",ukraine
136," ""Ukraine needs support from the international community to defend itself",ukraine
137," ""The US should stand with its allies in supporting Ukraine",ukraine
138," ""Congress should allocate funds for military aid to Ukraine",ukraine
139," ""The situation in Ukraine is critical and requires immediate action",ukraine
140," ""Russia's actions in Ukraine are illegal and violate human rights",ukraine
141," ""US support for Ukraine is essential for maintaining democracy and stability in Europe",ukraine
143," ""Ukraine has the right to defend itself against Russian aggression"".",ukraine
144," ""The US should provide military aid to Ukraine to help defend against Russian aggression",ukraine
145," ""Ukraine's sovereignty must be respected and upheld by the international community",ukraine
146," ""President Biden's decision to send military aid to Ukraine is a step in the right direction",ukraine
147," ""The conflict in Ukraine has led to a humanitarian crisis that requires immediate attention and support from the international community",ukraine
148," ""Russia's actions in Ukraine are a threat to global security and stability",ukraine
149," ""The US should take a strong stance against Russia's aggression in Ukraine",ukraine
150," ""The US must continue to support Ukraine as it defends itself against Russian attacks",ukraine
151," ""The conflict in Ukraine is not just a regional issue, but a global one that requires international cooperation and action",ukraine
153," ""President Biden's decision to provide military aid to Ukraine sends a clear message to Putin and the world that the US will not stand idly by as democracy is threatened"".",ukraine
154,"  Continued Russian aggression towards Ukraine is a major concern The international community, including the US, should provide support to Ukraine Aid to Ukraine is necessary for managing risks and upholding human rights, peace, and democracy worldwide Passage of the aid bill is urgent and long overdue Debate on the aid bill should be ended and action should be taken Unity and support from the international community are crucial for justice and peace in Ukraine The US should prioritize its national security by taking action in supporting Ukraine Congressional action is crucial for addressing the situation in Ukraine The Kremlin's aggression must be met with a united front from the international community The US has an important role to play in supporting Ukraine's efforts to defend its sovereignty There is no substitute for Congressional action on this matter Aid should reach Ukraine and Putin's regime should be held accountable for its actions The West, particularly the US, should provide critical military aid to Ukraine The US Treasury Secretary urges Congress to pass the Ukraine aid bill Time is of the essence in providing aid to Ukraine.",ukraine
155," ""Russian military buildup on Ukraine's border is a threat to European security",ukraine
156," ""The US and its allies should take concrete steps to deter Russia from further aggression towards Ukraine",ukraine
157," ""NATO should consider offering membership to Ukraine to strengthen its security",ukraine
158," ""Economic sanctions against Russia may be an effective way to prevent military action in Ukraine",ukraine
159," ""Diplomatic efforts should be intensified to find a peaceful solution to the crisis in Ukraine",ukraine
160," ""The sovereignty and territorial integrity of Ukraine must be respected by all countries",ukraine
161," ""The conflict in eastern Ukraine has resulted in a significant humanitarian crisis, requiring international aid and support",ukraine
162," ""Ukraine's struggle for democracy and independence deserves the backing of the international community",ukraine
163," ""Russia's annexation of Crimea in 2014 was illegal and violated international law",ukraine
164," ""The situation in Ukraine is a test of the West's commitment to upholding democratic values and the rule of law",ukraine
165," ""The US and its allies should provide military aid to Ukraine to help it defend itself against Russian aggression",ukraine
166," ""The international community should hold Russia accountable for its actions in Ukraine, including through targeted sanctions and other measures"".",ukraine
169," ""The international community should take action to stop Russia's aggression in Ukraine",ukraine
170," ""US support for Ukraine is crucial for upholding democracy and human rights worldwide",ukraine
171," ""The US should lead the international community in holding Russia accountable for its actions in Ukraine",ukraine
172," ""Congress should approve funding for military aid to Ukraine",ukraine
173," ""Russia's annexation of Crimea was a violation of international law",ukraine
174," ""The US and its allies should impose sanctions on Russia for its actions in Ukraine",ukraine
175," ""The situation in Ukraine is a critical issue that requires immediate attention and action from the international community",ukraine
176," ""The US should work with its allies to provide military aid to Ukraine and support its efforts to defend its sovereignty",ukraine
177," ""Russia's aggression in Ukraine threatens the stability of Europe and the world",ukraine
178," ""The US should take a strong stance against Russia's actions in Ukraine and support Ukraine's territorial integrity and sovereignty",ukraine
179," ""The international community must send a clear message to Russia that its actions in Ukraine are unacceptable and will not be tolerated"".",ukraine
181," ""Russia's aggression towards Ukraine must be confronted",ukraine
182," ""The international community has a role in supporting Ukraine",ukraine
183," ""Congressional action is needed for Ukraine aid",ukraine
184," ""Janet Yellen has urged for the passing of the Ukraine aid bill",ukraine
185," ""The G7 should act together to support Ukraine and hold Russia accountable",ukraine
186," ""Unity and support from the US and international community are crucial for justice and peace in Ukraine",ukraine
187," ""It's time for action, not just debate, on the Ukraine aid bill",ukraine
188," ""The US must prioritize its foreign policy interests and stand with Ukraine",ukraine
189," ""The situation in Ukraine is a matter of human rights and democracy",ukraine
190," ""The US should lead the international community in supporting Ukraine",ukraine
191," ""Russia's actions in Ukraine are a threat to peace and stability",ukraine
192," ""Congress must not delay in providing aid to Ukraine",ukraine
193," ""The US has an interest in promoting peace and security in Europe",ukraine
194," ""The Kremlin's aggression towards Ukraine is unacceptable and must be stopped"".",ukraine
195," ""Ukraine is facing aggression from Russia",ukraine
197," ""The US needs to take action and support Ukraine in its time of need",ukraine
198," ""There is a need for the international community to unite against Russian aggression",ukraine
199," ""The US has a crucial role to play in supporting Ukraine's efforts to defend its sovereignty",ukraine
200," ""Janet Yellen, the US Treasury Secretary, urges Congress to pass the Ukraine aid bill",ukraine
201," ""Congressional action is necessary to support Ukraine and hold Russia accountable",ukraine
202," ""The G7 must act together to ensure that aid reaches Ukraine",ukraine
203," ""Standing together with Ukraine is crucial for upholding human rights, peace, and democracy worldwide",ukraine
204," ""The aid bill must be passed urgently to provide support for Ukraine",ukraine
205," ""Debate has ended, and it's time for action to be taken",ukraine
206," ""Unity and support from the US and the international community are crucial for justice and peace in Ukraine"".",ukraine
207," ""The US should provide Ukraine with more military aid",ukraine
208," ""Russia is blocking vital supplies from reaching Ukraine",ukraine
209," ""The conflict in Ukraine threatens regional stability",ukraine
210," ""Ukraine needs international support to defend itself against Russian aggression",ukraine
211," ""The US and its allies should increase sanctions on Russia to change its behavior towards Ukraine",ukraine
212," ""The humanitarian situation in Ukraine is worsening due to the ongoing conflict",ukraine
213," ""The international community must take action to ensure peace and justice in Ukraine",ukraine
215," ""The US should lead efforts to resolve the conflict in Ukraine peacefully and diplomatically",ukraine
216," ""The situation in Ukraine requires immediate attention from the international community",ukraine
217," ""The US and its allies should provide military aid to Ukraine to help deter further Russian aggression",ukraine
218," ""The conflict in Ukraine has resulted in a large number of civilian casualties and displaced persons",ukraine
219," ""The international community should hold Russia accountable for its actions in Ukraine",ukraine
220," ""The situation in Ukraine is a test of the West's resolve to uphold democratic values and principles"".",ukraine
221," ""The US should provide Ukraine with military aid",ukraine
222,"""Continued Russian aggression towards Ukraine is a threat to international peace and security",ukraine
223,"""The international community must take action to support Ukraine's independence and sovereignty",ukraine
224,"""US foreign policy should prioritize supporting democratic allies like Ukraine against authoritarian regimes like Russia",ukraine
225,"""Congressional inaction on Ukraine aid risks emboldening Putin and undermining US credibility as a global leader"".",ukraine
227," ""Russia's actions in Ukraine are a threat to international security",ukraine
228," ""The US and the international community should take action to hold Russia accountable for its actions",ukraine
230," ""The situation in Ukraine is critical and requires immediate attention",ukraine
231," ""The US should prioritize its foreign policy goals to include supporting Ukraine",ukraine
232," ""The conflict in Ukraine has regional implications and requires a coordinated response",ukraine
233," ""The G7 should take the lead in providing aid and support to Ukraine",ukraine
234," ""The international community must uphold human rights, peace, and democracy in Ukraine",ukraine
235," ""The US should work with its allies to manage risks and ensure stability in the region",ukraine
236," ""The time for debate is over; it's time for action to support Ukraine",ukraine
237," ""Urgent aid is needed to help Ukraine defend against Russian aggression",ukraine
238," ""Justice and peace in Ukraine are dependent on the unity and support of the international community"".",ukraine
